{
  "hash": "7a17901136da8d3b8717025e0652bbdf",
  "result": {
    "markdown": "---\ntitle: \"Test\"\nformat:\n    html:\n        code-block-bg: \"#f8f8f8\"\n        code-block-border-left: \"#245ABE\"\n        highlight-style: github\n---\n\n\n\n## Quarto\n\n\n::: {.cell}\n\n```{.r .cell-code}\n2 +2\n```\n\n::: {.cell-output .cell-output-stdout}\n```\n[1] 4\n```\n:::\n\n```{.r .cell-code}\n3+3\n```\n\n::: {.cell-output .cell-output-stdout}\n```\n[1] 6\n```\n:::\n:::\n\n\n\n\n## Slide Backgrounds: ejemplo 2 (imagen) {background-image=\"imagenes/perro_goya.jpg\" background-size=\"100px\" background-repeat=\"round\" background-opacity=\"0.4\"}\n\n##\n\n::: {.big-text}\nQuarto enables you to weave together content and executable code into a finished presentation. To learn more about Quarto presentations see <https://quarto.org/docs/presentations/>.\n:::\n\n\n[hola]{.important}\n\n::: {.illustration}\nHola\n:::\n\n[[hola]{.illustration}]{.important}\n\n\n## Bullets\n\nWhen you [click]{.big-text} the **Render** button a document will be generated that includes:\n\n-   Content authored with markdown\n-   Output from executable code\n\n## Code\n\nWhen you click the **Render** button a presentation will be generated that includes both content and the output of embedded code. You can embed code like this:\n\n\n::: {.cell}\n\n```{.r .cell-code}\n1 + 1\n```\n\n::: {.cell-output .cell-output-stdout}\n```\n[1] 2\n```\n:::\n:::\n",
    "supporting": [],
    "filters": [
      "rmarkdown/pagebreak.lua"
    ],
    "includes": {},
    "engineDependencies": {},
    "preserve": {},
    "postProcess": true
  }
}