{"title":"Inflación para `r params$country`","markdown":{"yaml":{"title":"Inflación para `r params$country` ","author":"Pedro J. Pérez","format":"html","params":{"country":"ESP"}},"headingText":"Objetivo","containsRefs":false,"markdown":"\n\n\nAprender cómo hacer informes parametrizados.\n\n\n# Datos\n\nUsaremos datos de inflación de la OCDE\n\n```{r}\n#- plot temporales inflación OCDE ----------------------------------------------\nlibrary(tidyverse)\n\n#- Datos -----------------------------------------------------------------------\n#- Inflación de la OCDE -\nruta_inflation <- \"./datos/DP_LIVE_22032023113248591.csv\"\n\n#ruta_inflation <- here::here(\"datos\", \"DP_LIVE_22032023113248591.csv\")\n\n\ninflation_orig <- readr::read_csv(ruta_inflation)\n\n#- data munging --\ninflation <- inflation_orig %>%\n  dplyr::filter(FREQUENCY == \"M\") %>%\n  dplyr::filter(MEASURE == \"AGRWTH\") %>%\n  dplyr::mutate(fecha = lubridate::ym(TIME)) %>%\n  select(pais = LOCATION, fecha, inflacion = Value, tipo_inf = SUBJECT)\n\n#- incorporar region para filtrar grupos de países (!!!!)\nzz <- countrycode::codelist %>%\n  select(iso.name.en, region, region23, wb, fips, ioc, imf, iso2c, iso3c, ecb, eurostat, continent, eu28, un, un.region.name)\n#zz <- countrycode::codelist %>% select(iso.name.en, region23, region, iso3c)\n\ninflation <- left_join(inflation, zz, by = join_by(pais == iso3c) ) # %>% distinct(pais, .keep_all = TRUE)\n\n\n\n#- PLOTS -----------------------------------------------------------------------\nlibrary(ggtext) # package to interpret HTML with element_markdown to color titles\nlibrary(showtext) # for specific fonts; font_add_google\nlibrary(glue)\n\n# Fuentes y opciones\nfont_add_google(\"Fira Sans Condensed\")\nshowtext_opts(dpi = 300)\nshowtext_auto(enable = TRUE)\n\n```\n\n\n\n# Informe para `r params$country` \n\nHaremos el informe para el país `r params$country` \n\n```{r}\n#- plot 3 ----------------------------------------------------------------------\nmy_pais <- \"ESP\"\n\nmy_pais <- params$country   #- Atención!!\n\n\n# Fuentes\nfont_add_google(\"Roboto\")\nshowtext_auto()\n\n#- solo Europa (q no sea Europa del Este) desde 2020\nmy_fecha <-  \"2020-01-01\"\n\ndf <- inflation %>%\n  dplyr::filter(un.region.name %in% c(\"Europe\")) %>%\n  dplyr::filter(!(region23 %in% c(\"Eastern Europe\")))  %>%\n  dplyr::filter(fecha >= my_fecha)\n\nmy_title <- \"Tasas de inflación interanual en Europa (enero 2020, marzo 2023)\"\nmy_subtitle <- paste0(\"Países europeos y <span style='color:#FED459'>\", my_pais, \"</span> \")\n\n\np3 <-\n  ggplot(df, aes(x = fecha, y = inflacion)) +\n    geom_line(aes(group = pais), color = \"white\", linewidth = 0.3, alpha = 0.3) +\n    geom_line(data = df %>% filter(pais == my_pais), aes(color = pais, group = pais), color = \"#FED459\", linewidth = 1) +\n    geom_point(data = df %>% filter(pais == my_pais), aes(color = pais, group = pais), color = \"#FED459\", size = 1.2) +\n    theme(legend.position = \"none\") +\n    facet_wrap(vars(tipo_inf), nrow = 2, ncol = 2, scales = \"free\") +\n  #scale_x_discrete(breaks = seq(2020:01,2023:03, by=2)) +\n  labs(title = my_title, subtitle = my_subtitle,\n       caption = \"Datos de la OCDE |   DataViz: Pedro J. Pérez\") +\n  theme(plot.background = element_rect(fill = \"#171717\", color = \"#171717\"),\n        panel.background = element_rect(fill = \"#171717\"),\n        panel.grid.major = element_blank(),\n        panel.grid.minor = element_blank(),\n        plot.title = element_markdown(family = \"Roboto\",color = \"white\", size = 9, margin = margin(20,0,0,0)),\n        plot.subtitle = element_markdown(family = \"Roboto\", color = \"white\", size = 8, margin = margin(5,0,10,0)),\n        plot.caption = element_text(family = \"Roboto\", hjust = 0.95, color = \"grey70\", size = 7, margin = margin(0,0,20,0)),\n        axis.title.x = element_blank(),\n        axis.text.x = element_text(color = \"grey70\", size = 6.4, margin = margin(0,20,20,0), angle = 90),\n        axis.text.y = element_text(color = \"grey70\", size = 6.7),\n        axis.title.y = element_blank(),\n        strip.background = element_rect(fill = \"#171717\"),\n        strip.text.x = element_text(color = \"white\"))\n\np3\n```\n\n\n```{r}\n#- un poco interactivo)\nplotly::ggplotly(p3)\n```\n\n","srcMarkdownNoYaml":"\n\n# Objetivo\n\nAprender cómo hacer informes parametrizados.\n\n\n# Datos\n\nUsaremos datos de inflación de la OCDE\n\n```{r}\n#- plot temporales inflación OCDE ----------------------------------------------\nlibrary(tidyverse)\n\n#- Datos -----------------------------------------------------------------------\n#- Inflación de la OCDE -\nruta_inflation <- \"./datos/DP_LIVE_22032023113248591.csv\"\n\n#ruta_inflation <- here::here(\"datos\", \"DP_LIVE_22032023113248591.csv\")\n\n\ninflation_orig <- readr::read_csv(ruta_inflation)\n\n#- data munging --\ninflation <- inflation_orig %>%\n  dplyr::filter(FREQUENCY == \"M\") %>%\n  dplyr::filter(MEASURE == \"AGRWTH\") %>%\n  dplyr::mutate(fecha = lubridate::ym(TIME)) %>%\n  select(pais = LOCATION, fecha, inflacion = Value, tipo_inf = SUBJECT)\n\n#- incorporar region para filtrar grupos de países (!!!!)\nzz <- countrycode::codelist %>%\n  select(iso.name.en, region, region23, wb, fips, ioc, imf, iso2c, iso3c, ecb, eurostat, continent, eu28, un, un.region.name)\n#zz <- countrycode::codelist %>% select(iso.name.en, region23, region, iso3c)\n\ninflation <- left_join(inflation, zz, by = join_by(pais == iso3c) ) # %>% distinct(pais, .keep_all = TRUE)\n\n\n\n#- PLOTS -----------------------------------------------------------------------\nlibrary(ggtext) # package to interpret HTML with element_markdown to color titles\nlibrary(showtext) # for specific fonts; font_add_google\nlibrary(glue)\n\n# Fuentes y opciones\nfont_add_google(\"Fira Sans Condensed\")\nshowtext_opts(dpi = 300)\nshowtext_auto(enable = TRUE)\n\n```\n\n\n\n# Informe para `r params$country` \n\nHaremos el informe para el país `r params$country` \n\n```{r}\n#- plot 3 ----------------------------------------------------------------------\nmy_pais <- \"ESP\"\n\nmy_pais <- params$country   #- Atención!!\n\n\n# Fuentes\nfont_add_google(\"Roboto\")\nshowtext_auto()\n\n#- solo Europa (q no sea Europa del Este) desde 2020\nmy_fecha <-  \"2020-01-01\"\n\ndf <- inflation %>%\n  dplyr::filter(un.region.name %in% c(\"Europe\")) %>%\n  dplyr::filter(!(region23 %in% c(\"Eastern Europe\")))  %>%\n  dplyr::filter(fecha >= my_fecha)\n\nmy_title <- \"Tasas de inflación interanual en Europa (enero 2020, marzo 2023)\"\nmy_subtitle <- paste0(\"Países europeos y <span style='color:#FED459'>\", my_pais, \"</span> \")\n\n\np3 <-\n  ggplot(df, aes(x = fecha, y = inflacion)) +\n    geom_line(aes(group = pais), color = \"white\", linewidth = 0.3, alpha = 0.3) +\n    geom_line(data = df %>% filter(pais == my_pais), aes(color = pais, group = pais), color = \"#FED459\", linewidth = 1) +\n    geom_point(data = df %>% filter(pais == my_pais), aes(color = pais, group = pais), color = \"#FED459\", size = 1.2) +\n    theme(legend.position = \"none\") +\n    facet_wrap(vars(tipo_inf), nrow = 2, ncol = 2, scales = \"free\") +\n  #scale_x_discrete(breaks = seq(2020:01,2023:03, by=2)) +\n  labs(title = my_title, subtitle = my_subtitle,\n       caption = \"Datos de la OCDE |   DataViz: Pedro J. Pérez\") +\n  theme(plot.background = element_rect(fill = \"#171717\", color = \"#171717\"),\n        panel.background = element_rect(fill = \"#171717\"),\n        panel.grid.major = element_blank(),\n        panel.grid.minor = element_blank(),\n        plot.title = element_markdown(family = \"Roboto\",color = \"white\", size = 9, margin = margin(20,0,0,0)),\n        plot.subtitle = element_markdown(family = \"Roboto\", color = \"white\", size = 8, margin = margin(5,0,10,0)),\n        plot.caption = element_text(family = \"Roboto\", hjust = 0.95, color = \"grey70\", size = 7, margin = margin(0,0,20,0)),\n        axis.title.x = element_blank(),\n        axis.text.x = element_text(color = \"grey70\", size = 6.4, margin = margin(0,20,20,0), angle = 90),\n        axis.text.y = element_text(color = \"grey70\", size = 6.7),\n        axis.title.y = element_blank(),\n        strip.background = element_rect(fill = \"#171717\"),\n        strip.text.x = element_text(color = \"white\"))\n\np3\n```\n\n\n```{r}\n#- un poco interactivo)\nplotly::ggplotly(p3)\n```\n\n"},"formats":{"html":{"identifier":{"display-name":"HTML","target-format":"html","base-format":"html"},"execute":{"fig-width":7,"fig-height":5,"fig-format":"retina","fig-dpi":96,"df-print":"default","error":false,"eval":true,"cache":null,"freeze":false,"echo":true,"output":true,"warning":false,"include":true,"keep-md":false,"keep-ipynb":false,"ipynb":null,"enabled":null,"daemon":null,"daemon-restart":false,"debug":false,"ipynb-filters":[],"ipynb-shell-interactivity":null,"plotly-connected":true,"message":false,"engine":"knitr"},"render":{"keep-tex":false,"keep-typ":false,"keep-source":false,"keep-hidden":false,"prefer-html":false,"output-divs":true,"output-ext":"html","fig-align":"default","fig-pos":null,"fig-env":null,"code-fold":true,"code-overflow":"scroll","code-link":false,"code-line-numbers":false,"code-tools":false,"tbl-colwidths":"auto","merge-includes":true,"inline-includes":false,"preserve-yaml":false,"latex-auto-mk":true,"latex-auto-install":true,"latex-clean":true,"latex-min-runs":1,"latex-max-runs":10,"latex-makeindex":"makeindex","latex-makeindex-opts":[],"latex-tlmgr-opts":[],"latex-input-paths":[],"latex-output-dir":null,"link-external-icon":false,"link-external-newwindow":false,"self-contained-math":false,"format-resources":[],"notebook-links":true},"pandoc":{"standalone":true,"wrap":"none","default-image-extension":"png","to":"html","embed-resources":true,"self-contained":true,"output-file":"02_informe_parametrizado_infla.html"},"language":{"toc-title-document":"Table of contents","toc-title-website":"On this page","related-formats-title":"Other Formats","related-notebooks-title":"Notebooks","source-notebooks-prefix":"Source","other-links-title":"Other Links","code-links-title":"Code Links","launch-dev-container-title":"Launch Dev Container","launch-binder-title":"Launch Binder","article-notebook-label":"Article Notebook","notebook-preview-download":"Download Notebook","notebook-preview-download-src":"Download Source","notebook-preview-back":"Back to Article","manuscript-meca-bundle":"MECA Bundle","section-title-abstract":"Abstract","section-title-appendices":"Appendices","section-title-footnotes":"Footnotes","section-title-references":"References","section-title-reuse":"Reuse","section-title-copyright":"Copyright","section-title-citation":"Citation","appendix-attribution-cite-as":"For attribution, please cite this work as:","appendix-attribution-bibtex":"BibTeX citation:","title-block-author-single":"Author","title-block-author-plural":"Authors","title-block-affiliation-single":"Affiliation","title-block-affiliation-plural":"Affiliations","title-block-published":"Published","title-block-modified":"Modified","title-block-keywords":"Keywords","callout-tip-title":"Tip","callout-note-title":"Note","callout-warning-title":"Warning","callout-important-title":"Important","callout-caution-title":"Caution","code-summary":"Code","code-tools-menu-caption":"Code","code-tools-show-all-code":"Show All Code","code-tools-hide-all-code":"Hide All Code","code-tools-view-source":"View Source","code-tools-source-code":"Source Code","tools-share":"Share","tools-download":"Download","code-line":"Line","code-lines":"Lines","copy-button-tooltip":"Copy to Clipboard","copy-button-tooltip-success":"Copied!","repo-action-links-edit":"Edit this page","repo-action-links-source":"View source","repo-action-links-issue":"Report an issue","back-to-top":"Back to top","search-no-results-text":"No results","search-matching-documents-text":"matching documents","search-copy-link-title":"Copy link to search","search-hide-matches-text":"Hide additional matches","search-more-match-text":"more match in this document","search-more-matches-text":"more matches in this document","search-clear-button-title":"Clear","search-text-placeholder":"","search-detached-cancel-button-title":"Cancel","search-submit-button-title":"Submit","search-label":"Search","toggle-section":"Toggle section","toggle-sidebar":"Toggle sidebar navigation","toggle-dark-mode":"Toggle dark mode","toggle-reader-mode":"Toggle reader mode","toggle-navigation":"Toggle navigation","crossref-fig-title":"Figure","crossref-tbl-title":"Table","crossref-lst-title":"Listing","crossref-thm-title":"Theorem","crossref-lem-title":"Lemma","crossref-cor-title":"Corollary","crossref-prp-title":"Proposition","crossref-cnj-title":"Conjecture","crossref-def-title":"Definition","crossref-exm-title":"Example","crossref-exr-title":"Exercise","crossref-ch-prefix":"Chapter","crossref-apx-prefix":"Appendix","crossref-sec-prefix":"Section","crossref-eq-prefix":"Equation","crossref-lof-title":"List of Figures","crossref-lot-title":"List of Tables","crossref-lol-title":"List of Listings","environment-proof-title":"Proof","environment-remark-title":"Remark","environment-solution-title":"Solution","listing-page-order-by":"Order By","listing-page-order-by-default":"Default","listing-page-order-by-date-asc":"Oldest","listing-page-order-by-date-desc":"Newest","listing-page-order-by-number-desc":"High to Low","listing-page-order-by-number-asc":"Low to High","listing-page-field-date":"Date","listing-page-field-title":"Title","listing-page-field-description":"Description","listing-page-field-author":"Author","listing-page-field-filename":"File Name","listing-page-field-filemodified":"Modified","listing-page-field-subtitle":"Subtitle","listing-page-field-readingtime":"Reading Time","listing-page-field-wordcount":"Word Count","listing-page-field-categories":"Categories","listing-page-minutes-compact":"{0} min","listing-page-category-all":"All","listing-page-no-matches":"No matching items","listing-page-words":"{0} words"},"metadata":{"lang":"en","fig-responsive":true,"quarto-version":"1.4.554","title":"Inflación para `r params$country` ","author":"Pedro J. Pérez","params":{"country":"ESP"}},"extensions":{"book":{"multiFile":true}}}},"projectFormats":[]}